{"mean": 1.2079246044158936, "std": 0.9487512707710266, "p10": 0.0021661759819835424, "p50": 1.1886290311813354, "p90": 2.459408807754517, "n_samples": 7722, "saved_at": "2026-05-03T17:21:14.835279"}