{"mean": 2.187527894973755, "std": 0.6469500660896301, "p10": 1.4908548593521118, "p50": 2.0725739002227783, "p90": 3.021918773651123, "n_samples": 4261, "saved_at": "2026-05-03T05:06:39.439687"}